{"/home/liusc/projects/ACPP/AC_output/GenAS/generated/83.tsp": "19754614.00", "/home/liusc/projects/ACPP/AC_output/GenAS/generated/12.tsp": "12311118.00", "/home/liusc/projects/ACPP/AC_output/GenAS/generated/54.tsp": "20123899.00", "/home/liusc/projects/ACPP/AC_output/GenAS/generated/81.tsp": "17285246.00", "/home/liusc/projects/ACPP/AC_output/GenAS/generated/25.tsp": "15104776.00", "/home/liusc/projects/ACPP/AC_output/GenAS/generated/1.tsp": "16185442.00", "/home/liusc/projects/ACPP/AC_output/GenAS/generated/74.tsp": "20949044.00", "/home/liusc/projects/ACPP/AC_output/GenAS/generated/9.tsp": "11311299.00", "/home/liusc/projects/ACPP/AC_output/GenAS/generated/18.tsp": "17997275.00", "/home/liusc/projects/ACPP/AC_output/GenAS/generated/69.tsp": "20459687.00", "/home/liusc/projects/ACPP/AC_output/GenAS/generated/92.tsp": "17685675.00", "/home/liusc/projects/ACPP/AC_output/GenAS/generated/27.tsp": "19999487.00", "/home/liusc/projects/ACPP/AC_output/GenAS/generated/57.tsp": "19908015.00", "/home/liusc/projects/ACPP/AC_output/GenAS/generated/44.tsp": "19202044.00", "/home/liusc/projects/ACPP/AC_output/GenAS/generated/24.tsp": "16272042.00", "/home/liusc/projects/ACPP/AC_output/GenAS/generated/70.tsp": "20754187.00", "/home/liusc/projects/ACPP/AC_output/GenAS/generated/48.tsp": "20990378.00", "/home/liusc/projects/ACPP/AC_output/GenAS/generated/41.tsp": "20446285.00", "/home/liusc/projects/ACPP/AC_output/GenAS/generated/85.tsp": "20323149.00", "/home/liusc/projects/ACPP/AC_output/GenAS/generated/33.tsp": "20772668.00", "/home/liusc/projects/ACPP/AC_output/GenAS/generated/35.tsp": "21169480.00", "/home/liusc/projects/ACPP/AC_output/GenAS/generated/78.tsp": "19843595.00", "/home/liusc/projects/ACPP/AC_output/GenAS/generated/39.tsp": "17057149.00", "/home/liusc/projects/ACPP/AC_output/GenAS/generated/28.tsp": "12206796.00", "/home/liusc/projects/ACPP/AC_output/GenAS/generated/62.tsp": "14830649.00", "/home/liusc/projects/ACPP/AC_output/GenAS/generated/10.tsp": "17584022.00", "/home/liusc/projects/ACPP/AC_output/GenAS/generated/82.tsp": "20888513.00", "/home/liusc/projects/ACPP/AC_output/GenAS/generated/65.tsp": "20450753.00", "/home/liusc/projects/ACPP/AC_output/GenAS/generated/43.tsp": "20246785.00", "/home/liusc/projects/ACPP/AC_output/GenAS/generated/79.tsp": "20827847.00", "/home/liusc/projects/ACPP/AC_output/GenAS/generated/67.tsp": "21136387.00", "/home/liusc/projects/ACPP/AC_output/GenAS/generated/75.tsp": "21123863.00", "/home/liusc/projects/ACPP/AC_output/GenAS/generated/60.tsp": "20596899.00", "/home/liusc/projects/ACPP/AC_output/GenAS/generated/73.tsp": "20573372.00", "/home/liusc/projects/ACPP/AC_output/GenAS/generated/72.tsp": "18897031.00", "/home/liusc/projects/ACPP/AC_output/GenAS/generated/51.tsp": "17843269.00", "/home/liusc/projects/ACPP/AC_output/GenAS/generated/64.tsp": "20894116.00", "/home/liusc/projects/ACPP/AC_output/GenAS/generated/98.tsp": "20582154.00", "/home/liusc/projects/ACPP/AC_output/GenAS/generated/102.tsp": "21114446.00", "/home/liusc/projects/ACPP/AC_output/GenAS/generated/40.tsp": "16227264.00", "/home/liusc/projects/ACPP/AC_output/GenAS/generated/63.tsp": "18951619.00", "/home/liusc/projects/ACPP/AC_output/GenAS/generated/20.tsp": "16862440.00", "/home/liusc/projects/ACPP/AC_output/GenAS/generated/26.tsp": "19280157.00", "/home/liusc/projects/ACPP/AC_output/GenAS/generated/66.tsp": "20875294.00", "/home/liusc/projects/ACPP/AC_output/GenAS/generated/11.tsp": "20912288.00", "/home/liusc/projects/ACPP/AC_output/GenAS/generated/30.tsp": "19449865.00", "/home/liusc/projects/ACPP/AC_output/GenAS/generated/17.tsp": "16121233.00", "/home/liusc/projects/ACPP/AC_output/GenAS/generated/4.tsp": "20083129.00", "/home/liusc/projects/ACPP/AC_output/GenAS/generated/38.tsp": "19925557.00", "/home/liusc/projects/ACPP/AC_output/GenAS/generated/8.tsp": "21070707.00", "/home/liusc/projects/ACPP/AC_output/GenAS/generated/95.tsp": "17668537.00", "/home/liusc/projects/ACPP/AC_output/GenAS/generated/15.tsp": "16504828.00", "/home/liusc/projects/ACPP/AC_output/GenAS/generated/52.tsp": "20661315.00", "/home/liusc/projects/ACPP/AC_output/GenAS/generated/61.tsp": "15424419.00", "/home/liusc/projects/ACPP/AC_output/GenAS/generated/32.tsp": "16362481.00", "/home/liusc/projects/ACPP/AC_output/GenAS/generated/46.tsp": "20285786.00", "/home/liusc/projects/ACPP/AC_output/GenAS/generated/103.tsp": "21065097.00", "/home/liusc/projects/ACPP/AC_output/GenAS/generated/99.tsp": "20743936.00", "/home/liusc/projects/ACPP/AC_output/GenAS/generated/55.tsp": "17261249.00", "/home/liusc/projects/ACPP/AC_output/GenAS/generated/16.tsp": "19415322.00", "/home/liusc/projects/ACPP/AC_output/GenAS/generated/3.tsp": "12698810.00", "/home/liusc/projects/ACPP/AC_output/GenAS/generated/80.tsp": "21140161.00", "/home/liusc/projects/ACPP/AC_output/GenAS/generated/87.tsp": "20847632.00", "/home/liusc/projects/ACPP/AC_output/GenAS/generated/5.tsp": "20392890.00", "/home/liusc/projects/ACPP/AC_output/GenAS/generated/31.tsp": "18433224.00", "/home/liusc/projects/ACPP/AC_output/GenAS/generated/19.tsp": "20514178.00", "/home/liusc/projects/ACPP/AC_output/GenAS/generated/49.tsp": "19373547.00", "/home/liusc/projects/ACPP/AC_output/GenAS/generated/90.tsp": "17290812.00", "/home/liusc/projects/ACPP/AC_output/GenAS/generated/13.tsp": "17786218.00", "/home/liusc/projects/ACPP/AC_output/GenAS/generated/50.tsp": "17174273.00", "/home/liusc/projects/ACPP/AC_output/GenAS/generated/23.tsp": "20723161.00", "/home/liusc/projects/ACPP/AC_output/GenAS/generated/76.tsp": "21169534.00", "/home/liusc/projects/ACPP/AC_output/GenAS/generated/58.tsp": "21453556.00", "/home/liusc/projects/ACPP/AC_output/GenAS/generated/2.tsp": "19963783.00", "/home/liusc/projects/ACPP/AC_output/GenAS/generated/36.tsp": "16055882.00", "/home/liusc/projects/ACPP/AC_output/GenAS/generated/88.tsp": "21150073.00", "/home/liusc/projects/ACPP/AC_output/GenAS/generated/45.tsp": "20889961.00", "/home/liusc/projects/ACPP/AC_output/GenAS/generated/14.tsp": "15796495.00", "/home/liusc/projects/ACPP/AC_output/GenAS/generated/91.tsp": "18568932.00", "/home/liusc/projects/ACPP/AC_output/GenAS/generated/100.tsp": "20891222.00", "/home/liusc/projects/ACPP/AC_output/GenAS/generated/21.tsp": "20315622.00", "/home/liusc/projects/ACPP/AC_output/GenAS/generated/89.tsp": "17012142.00", "/home/liusc/projects/ACPP/AC_output/GenAS/generated/101.tsp": "16901635.00", "/home/liusc/projects/ACPP/AC_output/GenAS/generated/7.tsp": "20757631.00", "/home/liusc/projects/ACPP/AC_output/GenAS/generated/34.tsp": "19823976.00", "/home/liusc/projects/ACPP/AC_output/GenAS/generated/68.tsp": "17317049.00", "/home/liusc/projects/ACPP/AC_output/GenAS/generated/42.tsp": "20469099.00", "/home/liusc/projects/ACPP/AC_output/GenAS/generated/53.tsp": "20695377.00", "/home/liusc/projects/ACPP/AC_output/GenAS/generated/37.tsp": "20539730.00", "/home/liusc/projects/ACPP/AC_output/GenAS/generated/94.tsp": "17968684.00", "/home/liusc/projects/ACPP/AC_output/GenAS/generated/86.tsp": "19115857.00", "/home/liusc/projects/ACPP/AC_output/GenAS/generated/56.tsp": "21349716.00", "/home/liusc/projects/ACPP/AC_output/GenAS/generated/84.tsp": "16902782.00", "/home/liusc/projects/ACPP/AC_output/GenAS/generated/22.tsp": "14728254.00", "/home/liusc/projects/ACPP/AC_output/GenAS/generated/97.tsp": "17201977.00", "/home/liusc/projects/ACPP/AC_output/GenAS/generated/6.tsp": "10525131.00", "/home/liusc/projects/ACPP/AC_output/GenAS/generated/47.tsp": "20405602.00", "/home/liusc/projects/ACPP/AC_output/GenAS/generated/77.tsp": "16929936.00", "/home/liusc/projects/ACPP/AC_output/GenAS/generated/93.tsp": "17482990.00", "/home/liusc/projects/ACPP/AC_output/GenAS/generated/71.tsp": "17414605.00", "/home/liusc/projects/ACPP/AC_output/GenAS/generated/29.tsp": "20863369.00", "/home/liusc/projects/ACPP/AC_output/GenAS/generated/59.tsp": "21014041.00", "/home/liusc/projects/ACPP/AC_output/GenAS/generated/96.tsp": "20622450.00"}