{"/home/liusc/projects/ACPP/AC_output/GenAS/generated/4.tsp": "20083129.00", "/home/liusc/projects/ACPP/AC_output/GenAS/generated/12.tsp": "12311118.00", "/home/liusc/projects/ACPP/AC_output/GenAS/generated/8.tsp": "21070707.00", "/home/liusc/projects/ACPP/AC_output/GenAS/generated/25.tsp": "15104776.00", "/home/liusc/projects/ACPP/AC_output/GenAS/generated/1.tsp": "16185442.00", "/home/liusc/projects/ACPP/AC_output/GenAS/generated/15.tsp": "16504828.00", "/home/liusc/projects/ACPP/AC_output/GenAS/generated/52.tsp": "20661315.00", "/home/liusc/projects/ACPP/AC_output/GenAS/generated/9.tsp": "11311299.00", "/home/liusc/projects/ACPP/AC_output/GenAS/generated/18.tsp": "17997275.00", "/home/liusc/projects/ACPP/AC_output/GenAS/generated/46.tsp": "20285786.00", "/home/liusc/projects/ACPP/AC_output/GenAS/generated/54.tsp": "20123899.00", "/home/liusc/projects/ACPP/AC_output/GenAS/generated/32.tsp": "16362481.00", "/home/liusc/projects/ACPP/AC_output/GenAS/generated/27.tsp": "19999487.00", "/home/liusc/projects/ACPP/AC_output/GenAS/generated/57.tsp": "19908015.00", "/home/liusc/projects/ACPP/AC_output/GenAS/generated/55.tsp": "17261249.00", "/home/liusc/projects/ACPP/AC_output/GenAS/generated/44.tsp": "19202044.00", "/home/liusc/projects/ACPP/AC_output/GenAS/generated/24.tsp": "16272042.00", "/home/liusc/projects/ACPP/AC_output/GenAS/generated/16.tsp": "19415322.00", "/home/liusc/projects/ACPP/AC_output/GenAS/generated/3.tsp": "12698810.00", "/home/liusc/projects/ACPP/AC_output/GenAS/generated/41.tsp": "20446285.00", "/home/liusc/projects/ACPP/AC_output/GenAS/generated/5.tsp": "20392890.00", "/home/liusc/projects/ACPP/AC_output/GenAS/generated/31.tsp": "18433224.00", "/home/liusc/projects/ACPP/AC_output/GenAS/generated/19.tsp": "20514178.00", "/home/liusc/projects/ACPP/AC_output/GenAS/generated/49.tsp": "19373547.00", "/home/liusc/projects/ACPP/AC_output/GenAS/generated/35.tsp": "21169480.00", "/home/liusc/projects/ACPP/AC_output/GenAS/generated/38.tsp": "19925557.00", "/home/liusc/projects/ACPP/AC_output/GenAS/generated/13.tsp": "17786218.00", "/home/liusc/projects/ACPP/AC_output/GenAS/generated/50.tsp": "17174273.00", "/home/liusc/projects/ACPP/AC_output/GenAS/generated/28.tsp": "12206796.00", "/home/liusc/projects/ACPP/AC_output/GenAS/generated/23.tsp": "20723161.00", "/home/liusc/projects/ACPP/AC_output/GenAS/generated/10.tsp": "17584022.00", "/home/liusc/projects/ACPP/AC_output/GenAS/generated/2.tsp": "19963783.00", "/home/liusc/projects/ACPP/AC_output/GenAS/generated/43.tsp": "20246785.00", "/home/liusc/projects/ACPP/AC_output/GenAS/generated/33.tsp": "20772668.00", "/home/liusc/projects/ACPP/AC_output/GenAS/generated/36.tsp": "16055882.00", "/home/liusc/projects/ACPP/AC_output/GenAS/generated/39.tsp": "17057149.00", "/home/liusc/projects/ACPP/AC_output/GenAS/generated/45.tsp": "20889961.00", "/home/liusc/projects/ACPP/AC_output/GenAS/generated/14.tsp": "15796495.00", "/home/liusc/projects/ACPP/AC_output/GenAS/generated/21.tsp": "20315622.00", "/home/liusc/projects/ACPP/AC_output/GenAS/generated/51.tsp": "17843269.00", "/home/liusc/projects/ACPP/AC_output/GenAS/generated/7.tsp": "20757631.00", "/home/liusc/projects/ACPP/AC_output/GenAS/generated/34.tsp": "19823976.00", "/home/liusc/projects/ACPP/AC_output/GenAS/generated/40.tsp": "16227264.00", "/home/liusc/projects/ACPP/AC_output/GenAS/generated/42.tsp": "20469099.00", "/home/liusc/projects/ACPP/AC_output/GenAS/generated/53.tsp": "20695377.00", "/home/liusc/projects/ACPP/AC_output/GenAS/generated/37.tsp": "20539730.00", "/home/liusc/projects/ACPP/AC_output/GenAS/generated/56.tsp": "21349716.00", "/home/liusc/projects/ACPP/AC_output/GenAS/generated/48.tsp": "20990378.00", "/home/liusc/projects/ACPP/AC_output/GenAS/generated/22.tsp": "14728254.00", "/home/liusc/projects/ACPP/AC_output/GenAS/generated/20.tsp": "16862440.00", "/home/liusc/projects/ACPP/AC_output/GenAS/generated/26.tsp": "19280157.00", "/home/liusc/projects/ACPP/AC_output/GenAS/generated/6.tsp": "10525131.00", "/home/liusc/projects/ACPP/AC_output/GenAS/generated/47.tsp": "20405602.00", "/home/liusc/projects/ACPP/AC_output/GenAS/generated/11.tsp": "20912288.00", "/home/liusc/projects/ACPP/AC_output/GenAS/generated/30.tsp": "19449865.00", "/home/liusc/projects/ACPP/AC_output/GenAS/generated/17.tsp": "16121233.00", "/home/liusc/projects/ACPP/AC_output/GenAS/generated/29.tsp": "20863369.00"}