{"/home/liusc/projects/ACPP/AC_output/GenAS/generated/4.tsp": "21428037.00", "/home/liusc/projects/ACPP/AC_output/GenAS/generated/12.tsp": "16896434.00", "/home/liusc/projects/ACPP/AC_output/GenAS/generated/8.tsp": "9520374.00", "/home/liusc/projects/ACPP/AC_output/GenAS/generated/25.tsp": "13619081.00", "/home/liusc/projects/ACPP/AC_output/GenAS/generated/1.tsp": "20887545.00", "/home/liusc/projects/ACPP/AC_output/GenAS/generated/15.tsp": "17325350.00", "/home/liusc/projects/ACPP/AC_output/GenAS/generated/52.tsp": "21093010.00", "/home/liusc/projects/ACPP/AC_output/GenAS/generated/9.tsp": "12489030.00", "/home/liusc/projects/ACPP/AC_output/GenAS/generated/18.tsp": "16185442.00", "/home/liusc/projects/ACPP/AC_output/GenAS/generated/46.tsp": "19772922.00", "/home/liusc/projects/ACPP/AC_output/GenAS/generated/54.tsp": "16510445.00", "/home/liusc/projects/ACPP/AC_output/GenAS/generated/32.tsp": "19249075.00", "/home/liusc/projects/ACPP/AC_output/GenAS/generated/27.tsp": "13045471.00", "/home/liusc/projects/ACPP/AC_output/GenAS/generated/57.tsp": "15914650.00", "/home/liusc/projects/ACPP/AC_output/GenAS/generated/55.tsp": "20940455.00", "/home/liusc/projects/ACPP/AC_output/GenAS/generated/44.tsp": "21123239.00", "/home/liusc/projects/ACPP/AC_output/GenAS/generated/24.tsp": "21129895.00", "/home/liusc/projects/ACPP/AC_output/GenAS/generated/16.tsp": "10338221.00", "/home/liusc/projects/ACPP/AC_output/GenAS/generated/3.tsp": "21196547.00", "/home/liusc/projects/ACPP/AC_output/GenAS/generated/41.tsp": "17657684.00", "/home/liusc/projects/ACPP/AC_output/GenAS/generated/5.tsp": "11020488.00", "/home/liusc/projects/ACPP/AC_output/GenAS/generated/31.tsp": "16041996.00", "/home/liusc/projects/ACPP/AC_output/GenAS/generated/19.tsp": "19968838.00", "/home/liusc/projects/ACPP/AC_output/GenAS/generated/49.tsp": "18527157.00", "/home/liusc/projects/ACPP/AC_output/GenAS/generated/35.tsp": "16652647.00", "/home/liusc/projects/ACPP/AC_output/GenAS/generated/38.tsp": "17195283.00", "/home/liusc/projects/ACPP/AC_output/GenAS/generated/13.tsp": "20666436.00", "/home/liusc/projects/ACPP/AC_output/GenAS/generated/50.tsp": "18032875.00", "/home/liusc/projects/ACPP/AC_output/GenAS/generated/28.tsp": "10674337.00", "/home/liusc/projects/ACPP/AC_output/GenAS/generated/23.tsp": "16996687.00", "/home/liusc/projects/ACPP/AC_output/GenAS/generated/10.tsp": "13870785.00", "/home/liusc/projects/ACPP/AC_output/GenAS/generated/2.tsp": "21134211.00", "/home/liusc/projects/ACPP/AC_output/GenAS/generated/43.tsp": "17747826.00", "/home/liusc/projects/ACPP/AC_output/GenAS/generated/33.tsp": "16017663.00", "/home/liusc/projects/ACPP/AC_output/GenAS/generated/36.tsp": "16834420.00", "/home/liusc/projects/ACPP/AC_output/GenAS/generated/39.tsp": "21114873.00", "/home/liusc/projects/ACPP/AC_output/GenAS/generated/45.tsp": "17552393.00", "/home/liusc/projects/ACPP/AC_output/GenAS/generated/14.tsp": "17569385.00", "/home/liusc/projects/ACPP/AC_output/GenAS/generated/21.tsp": "11378866.00", "/home/liusc/projects/ACPP/AC_output/GenAS/generated/51.tsp": "17473565.00", "/home/liusc/projects/ACPP/AC_output/GenAS/generated/7.tsp": "20762566.00", "/home/liusc/projects/ACPP/AC_output/GenAS/generated/34.tsp": "13430600.00", "/home/liusc/projects/ACPP/AC_output/GenAS/generated/40.tsp": "18808045.00", "/home/liusc/projects/ACPP/AC_output/GenAS/generated/42.tsp": "15601711.00", "/home/liusc/projects/ACPP/AC_output/GenAS/generated/53.tsp": "18374607.00", "/home/liusc/projects/ACPP/AC_output/GenAS/generated/37.tsp": "14107178.00", "/home/liusc/projects/ACPP/AC_output/GenAS/generated/56.tsp": "20471435.00", "/home/liusc/projects/ACPP/AC_output/GenAS/generated/48.tsp": "17909360.00", "/home/liusc/projects/ACPP/AC_output/GenAS/generated/22.tsp": "14761451.00", "/home/liusc/projects/ACPP/AC_output/GenAS/generated/20.tsp": "14636159.00", "/home/liusc/projects/ACPP/AC_output/GenAS/generated/26.tsp": "20332455.00", "/home/liusc/projects/ACPP/AC_output/GenAS/generated/6.tsp": "16504828.00", "/home/liusc/projects/ACPP/AC_output/GenAS/generated/47.tsp": "17958273.00", "/home/liusc/projects/ACPP/AC_output/GenAS/generated/11.tsp": "20866224.00", "/home/liusc/projects/ACPP/AC_output/GenAS/generated/30.tsp": "16733795.00", "/home/liusc/projects/ACPP/AC_output/GenAS/generated/17.tsp": "20821569.00", "/home/liusc/projects/ACPP/AC_output/GenAS/generated/29.tsp": "13090250.00"}