{"/home/liusc/projects/ACPP/AC_output/GenAS/generated/141.tsp": "19230666.00", "/home/liusc/projects/ACPP/AC_output/GenAS/generated/54.tsp": "19713611.00", "/home/liusc/projects/ACPP/AC_output/GenAS/generated/69.tsp": "19504051.00", "/home/liusc/projects/ACPP/AC_output/GenAS/generated/107.tsp": "18187717.00", "/home/liusc/projects/ACPP/AC_output/GenAS/generated/122.tsp": "20864183.00", "/home/liusc/projects/ACPP/AC_output/GenAS/generated/73.tsp": "19613384.00", "/home/liusc/projects/ACPP/AC_output/GenAS/generated/18.tsp": "21204800.00", "/home/liusc/projects/ACPP/AC_output/GenAS/generated/112.tsp": "19803080.00", "/home/liusc/projects/ACPP/AC_output/GenAS/generated/92.tsp": "20986080.00", "/home/liusc/projects/ACPP/AC_output/GenAS/generated/108.tsp": "19333488.00", "/home/liusc/projects/ACPP/AC_output/GenAS/generated/137.tsp": "16928481.00", "/home/liusc/projects/ACPP/AC_output/GenAS/generated/57.tsp": "20977465.00", "/home/liusc/projects/ACPP/AC_output/GenAS/generated/44.tsp": "18962420.00", "/home/liusc/projects/ACPP/AC_output/GenAS/generated/24.tsp": "20625478.00", "/home/liusc/projects/ACPP/AC_output/GenAS/generated/84.tsp": "20475320.00", "/home/liusc/projects/ACPP/AC_output/GenAS/generated/41.tsp": "19264320.00", "/home/liusc/projects/ACPP/AC_output/GenAS/generated/140.tsp": "20738740.00", "/home/liusc/projects/ACPP/AC_output/GenAS/generated/33.tsp": "20990514.00", "/home/liusc/projects/ACPP/AC_output/GenAS/generated/35.tsp": "15589221.00", "/home/liusc/projects/ACPP/AC_output/GenAS/generated/39.tsp": "20570619.00", "/home/liusc/projects/ACPP/AC_output/GenAS/generated/64.tsp": "20989340.00", "/home/liusc/projects/ACPP/AC_output/GenAS/generated/62.tsp": "14390756.00", "/home/liusc/projects/ACPP/AC_output/GenAS/generated/10.tsp": "18476469.00", "/home/liusc/projects/ACPP/AC_output/GenAS/generated/129.tsp": "17624576.00", "/home/liusc/projects/ACPP/AC_output/GenAS/generated/109.tsp": "19979607.00", "/home/liusc/projects/ACPP/AC_output/GenAS/generated/93.tsp": "20756417.00", "/home/liusc/projects/ACPP/AC_output/GenAS/generated/72.tsp": "15656350.00", "/home/liusc/projects/ACPP/AC_output/GenAS/generated/51.tsp": "19337453.00", "/home/liusc/projects/ACPP/AC_output/GenAS/generated/142.tsp": "20544976.00", "/home/liusc/projects/ACPP/AC_output/GenAS/generated/126.tsp": "19527059.00", "/home/liusc/projects/ACPP/AC_output/GenAS/generated/98.tsp": "18254406.00", "/home/liusc/projects/ACPP/AC_output/GenAS/generated/102.tsp": "17581363.00", "/home/liusc/projects/ACPP/AC_output/GenAS/generated/63.tsp": "19674141.00", "/home/liusc/projects/ACPP/AC_output/GenAS/generated/132.tsp": "17023964.00", "/home/liusc/projects/ACPP/AC_output/GenAS/generated/20.tsp": "13880167.00", "/home/liusc/projects/ACPP/AC_output/GenAS/generated/26.tsp": "19968838.00", "/home/liusc/projects/ACPP/AC_output/GenAS/generated/66.tsp": "20973955.00", "/home/liusc/projects/ACPP/AC_output/GenAS/generated/17.tsp": "18279775.00", "/home/liusc/projects/ACPP/AC_output/GenAS/generated/4.tsp": "11749141.00", "/home/liusc/projects/ACPP/AC_output/GenAS/generated/38.tsp": "19806485.00", "/home/liusc/projects/ACPP/AC_output/GenAS/generated/8.tsp": "20514178.00", "/home/liusc/projects/ACPP/AC_output/GenAS/generated/117.tsp": "21442657.00", "/home/liusc/projects/ACPP/AC_output/GenAS/generated/144.tsp": "19937058.00", "/home/liusc/projects/ACPP/AC_output/GenAS/generated/67.tsp": "19382274.00", "/home/liusc/projects/ACPP/AC_output/GenAS/generated/138.tsp": "20917505.00", "/home/liusc/projects/ACPP/AC_output/GenAS/generated/46.tsp": "20822219.00", "/home/liusc/projects/ACPP/AC_output/GenAS/generated/134.tsp": "17478970.00", "/home/liusc/projects/ACPP/AC_output/GenAS/generated/103.tsp": "21246135.00", "/home/liusc/projects/ACPP/AC_output/GenAS/generated/99.tsp": "19284633.00", "/home/liusc/projects/ACPP/AC_output/GenAS/generated/105.tsp": "20956310.00", "/home/liusc/projects/ACPP/AC_output/GenAS/generated/55.tsp": "20858702.00", "/home/liusc/projects/ACPP/AC_output/GenAS/generated/120.tsp": "19830607.00", "/home/liusc/projects/ACPP/AC_output/GenAS/generated/16.tsp": "20679276.00", "/home/liusc/projects/ACPP/AC_output/GenAS/generated/80.tsp": "18823585.00", "/home/liusc/projects/ACPP/AC_output/GenAS/generated/5.tsp": "11853019.00", "/home/liusc/projects/ACPP/AC_output/GenAS/generated/19.tsp": "16065177.00", "/home/liusc/projects/ACPP/AC_output/GenAS/generated/85.tsp": "19944035.00", "/home/liusc/projects/ACPP/AC_output/GenAS/generated/13.tsp": "21118410.00", "/home/liusc/projects/ACPP/AC_output/GenAS/generated/50.tsp": "21122839.00", "/home/liusc/projects/ACPP/AC_output/GenAS/generated/76.tsp": "21073012.00", "/home/liusc/projects/ACPP/AC_output/GenAS/generated/123.tsp": "19296379.00", "/home/liusc/projects/ACPP/AC_output/GenAS/generated/139.tsp": "19714235.00", "/home/liusc/projects/ACPP/AC_output/GenAS/generated/121.tsp": "19102911.00", "/home/liusc/projects/ACPP/AC_output/GenAS/generated/89.tsp": "16612305.00", "/home/liusc/projects/ACPP/AC_output/GenAS/generated/91.tsp": "13909584.00", "/home/liusc/projects/ACPP/AC_output/GenAS/generated/100.tsp": "17492853.00", "/home/liusc/projects/ACPP/AC_output/GenAS/generated/81.tsp": "16031181.00", "/home/liusc/projects/ACPP/AC_output/GenAS/generated/110.tsp": "21331019.00", "/home/liusc/projects/ACPP/AC_output/GenAS/generated/7.tsp": "16559839.00", "/home/liusc/projects/ACPP/AC_output/GenAS/generated/34.tsp": "21055050.00", "/home/liusc/projects/ACPP/AC_output/GenAS/generated/146.tsp": "21011421.00", "/home/liusc/projects/ACPP/AC_output/GenAS/generated/86.tsp": "20752066.00", "/home/liusc/projects/ACPP/AC_output/GenAS/generated/56.tsp": "20635882.00", "/home/liusc/projects/ACPP/AC_output/GenAS/generated/22.tsp": "20409984.00", "/home/liusc/projects/ACPP/AC_output/GenAS/generated/125.tsp": "19796307.00", "/home/liusc/projects/ACPP/AC_output/GenAS/generated/47.tsp": "19736373.00", "/home/liusc/projects/ACPP/AC_output/GenAS/generated/71.tsp": "15962814.00", "/home/liusc/projects/ACPP/AC_output/GenAS/generated/65.tsp": "17167919.00", "/home/liusc/projects/ACPP/AC_output/GenAS/generated/59.tsp": "18648224.00", "/home/liusc/projects/ACPP/AC_output/GenAS/generated/96.tsp": "21034659.00", "/home/liusc/projects/ACPP/AC_output/GenAS/generated/83.tsp": "19738216.00", "/home/liusc/projects/ACPP/AC_output/GenAS/generated/12.tsp": "20658279.00", "/home/liusc/projects/ACPP/AC_output/GenAS/generated/101.tsp": "20529531.00", "/home/liusc/projects/ACPP/AC_output/GenAS/generated/131.tsp": "20932659.00", "/home/liusc/projects/ACPP/AC_output/GenAS/generated/25.tsp": "14708091.00", "/home/liusc/projects/ACPP/AC_output/GenAS/generated/1.tsp": "11494532.00", "/home/liusc/projects/ACPP/AC_output/GenAS/generated/127.tsp": "17551610.00", "/home/liusc/projects/ACPP/AC_output/GenAS/generated/118.tsp": "21234229.00", "/home/liusc/projects/ACPP/AC_output/GenAS/generated/9.tsp": "9080004.00", "/home/liusc/projects/ACPP/AC_output/GenAS/generated/27.tsp": "21124534.00", "/home/liusc/projects/ACPP/AC_output/GenAS/generated/88.tsp": "19782835.00", "/home/liusc/projects/ACPP/AC_output/GenAS/generated/68.tsp": "14660197.00", "/home/liusc/projects/ACPP/AC_output/GenAS/generated/70.tsp": "20905239.00", "/home/liusc/projects/ACPP/AC_output/GenAS/generated/48.tsp": "21327648.00", "/home/liusc/projects/ACPP/AC_output/GenAS/generated/115.tsp": "20224112.00", "/home/liusc/projects/ACPP/AC_output/GenAS/generated/79.tsp": "13771194.00", "/home/liusc/projects/ACPP/AC_output/GenAS/generated/75.tsp": "19951815.00", "/home/liusc/projects/ACPP/AC_output/GenAS/generated/28.tsp": "16857862.00", "/home/liusc/projects/ACPP/AC_output/GenAS/generated/82.tsp": "18617183.00", "/home/liusc/projects/ACPP/AC_output/GenAS/generated/145.tsp": "21428691.00", "/home/liusc/projects/ACPP/AC_output/GenAS/generated/147.tsp": "19278372.00", "/home/liusc/projects/ACPP/AC_output/GenAS/generated/43.tsp": "18823094.00", "/home/liusc/projects/ACPP/AC_output/GenAS/generated/104.tsp": "16404323.00", "/home/liusc/projects/ACPP/AC_output/GenAS/generated/148.tsp": "17217844.00", "/home/liusc/projects/ACPP/AC_output/GenAS/generated/60.tsp": "18223782.00", "/home/liusc/projects/ACPP/AC_output/GenAS/generated/135.tsp": "21097932.00", "/home/liusc/projects/ACPP/AC_output/GenAS/generated/136.tsp": "20341764.00", "/home/liusc/projects/ACPP/AC_output/GenAS/generated/116.tsp": "16847148.00", "/home/liusc/projects/ACPP/AC_output/GenAS/generated/40.tsp": "17606900.00", "/home/liusc/projects/ACPP/AC_output/GenAS/generated/113.tsp": "18980101.00", "/home/liusc/projects/ACPP/AC_output/GenAS/generated/143.tsp": "20861845.00", "/home/liusc/projects/ACPP/AC_output/GenAS/generated/11.tsp": "21532050.00", "/home/liusc/projects/ACPP/AC_output/GenAS/generated/30.tsp": "17798530.00", "/home/liusc/projects/ACPP/AC_output/GenAS/generated/74.tsp": "19613945.00", "/home/liusc/projects/ACPP/AC_output/GenAS/generated/95.tsp": "17623602.00", "/home/liusc/projects/ACPP/AC_output/GenAS/generated/15.tsp": "20382390.00", "/home/liusc/projects/ACPP/AC_output/GenAS/generated/52.tsp": "17299206.00", "/home/liusc/projects/ACPP/AC_output/GenAS/generated/61.tsp": "19748131.00", "/home/liusc/projects/ACPP/AC_output/GenAS/generated/32.tsp": "20736389.00", "/home/liusc/projects/ACPP/AC_output/GenAS/generated/111.tsp": "19016630.00", "/home/liusc/projects/ACPP/AC_output/GenAS/generated/3.tsp": "20752902.00", "/home/liusc/projects/ACPP/AC_output/GenAS/generated/87.tsp": "19838346.00", "/home/liusc/projects/ACPP/AC_output/GenAS/generated/31.tsp": "20980775.00", "/home/liusc/projects/ACPP/AC_output/GenAS/generated/133.tsp": "20963267.00", "/home/liusc/projects/ACPP/AC_output/GenAS/generated/49.tsp": "18939485.00", "/home/liusc/projects/ACPP/AC_output/GenAS/generated/90.tsp": "19898828.00", "/home/liusc/projects/ACPP/AC_output/GenAS/generated/23.tsp": "17010480.00", "/home/liusc/projects/ACPP/AC_output/GenAS/generated/58.tsp": "19450773.00", "/home/liusc/projects/ACPP/AC_output/GenAS/generated/2.tsp": "20753417.00", "/home/liusc/projects/ACPP/AC_output/GenAS/generated/36.tsp": "17361649.00", "/home/liusc/projects/ACPP/AC_output/GenAS/generated/45.tsp": "19487057.00", "/home/liusc/projects/ACPP/AC_output/GenAS/generated/14.tsp": "12206796.00", "/home/liusc/projects/ACPP/AC_output/GenAS/generated/97.tsp": "19461627.00", "/home/liusc/projects/ACPP/AC_output/GenAS/generated/21.tsp": "19718167.00", "/home/liusc/projects/ACPP/AC_output/GenAS/generated/124.tsp": "21025247.00", "/home/liusc/projects/ACPP/AC_output/GenAS/generated/130.tsp": "18017935.00", "/home/liusc/projects/ACPP/AC_output/GenAS/generated/78.tsp": "15992885.00", "/home/liusc/projects/ACPP/AC_output/GenAS/generated/42.tsp": "17434296.00", "/home/liusc/projects/ACPP/AC_output/GenAS/generated/53.tsp": "21170625.00", "/home/liusc/projects/ACPP/AC_output/GenAS/generated/37.tsp": "17857978.00", "/home/liusc/projects/ACPP/AC_output/GenAS/generated/94.tsp": "17484152.00", "/home/liusc/projects/ACPP/AC_output/GenAS/generated/114.tsp": "18043848.00", "/home/liusc/projects/ACPP/AC_output/GenAS/generated/106.tsp": "19894633.00", "/home/liusc/projects/ACPP/AC_output/GenAS/generated/128.tsp": "19281022.00", "/home/liusc/projects/ACPP/AC_output/GenAS/generated/119.tsp": "20901085.00", "/home/liusc/projects/ACPP/AC_output/GenAS/generated/6.tsp": "17997275.00", "/home/liusc/projects/ACPP/AC_output/GenAS/generated/77.tsp": "19995973.00", "/home/liusc/projects/ACPP/AC_output/GenAS/generated/29.tsp": "13619081.00"}