{"/home/liusc/projects/ACPP/AC_output/GenAS/generated/141.tsp": "21012990.00", "/home/liusc/projects/ACPP/AC_output/GenAS/generated/54.tsp": "16510445.00", "/home/liusc/projects/ACPP/AC_output/GenAS/generated/69.tsp": "18505727.00", "/home/liusc/projects/ACPP/AC_output/GenAS/generated/107.tsp": "16903827.00", "/home/liusc/projects/ACPP/AC_output/GenAS/generated/122.tsp": "21101302.00", "/home/liusc/projects/ACPP/AC_output/GenAS/generated/73.tsp": "16373729.00", "/home/liusc/projects/ACPP/AC_output/GenAS/generated/18.tsp": "16185442.00", "/home/liusc/projects/ACPP/AC_output/GenAS/generated/112.tsp": "18287700.00", "/home/liusc/projects/ACPP/AC_output/GenAS/generated/92.tsp": "20756977.00", "/home/liusc/projects/ACPP/AC_output/GenAS/generated/108.tsp": "20924571.00", "/home/liusc/projects/ACPP/AC_output/GenAS/generated/137.tsp": "19902190.00", "/home/liusc/projects/ACPP/AC_output/GenAS/generated/57.tsp": "15914650.00", "/home/liusc/projects/ACPP/AC_output/GenAS/generated/44.tsp": "21123239.00", "/home/liusc/projects/ACPP/AC_output/GenAS/generated/24.tsp": "21129895.00", "/home/liusc/projects/ACPP/AC_output/GenAS/generated/84.tsp": "15506924.00", "/home/liusc/projects/ACPP/AC_output/GenAS/generated/41.tsp": "17657684.00", "/home/liusc/projects/ACPP/AC_output/GenAS/generated/140.tsp": "16779206.00", "/home/liusc/projects/ACPP/AC_output/GenAS/generated/33.tsp": "16017663.00", "/home/liusc/projects/ACPP/AC_output/GenAS/generated/35.tsp": "16652647.00", "/home/liusc/projects/ACPP/AC_output/GenAS/generated/39.tsp": "21114873.00", "/home/liusc/projects/ACPP/AC_output/GenAS/generated/64.tsp": "14628196.00", "/home/liusc/projects/ACPP/AC_output/GenAS/generated/62.tsp": "20859823.00", "/home/liusc/projects/ACPP/AC_output/GenAS/generated/10.tsp": "13870785.00", "/home/liusc/projects/ACPP/AC_output/GenAS/generated/129.tsp": "14451956.00", "/home/liusc/projects/ACPP/AC_output/GenAS/generated/109.tsp": "21016516.00", "/home/liusc/projects/ACPP/AC_output/GenAS/generated/93.tsp": "21086520.00", "/home/liusc/projects/ACPP/AC_output/GenAS/generated/72.tsp": "15451500.00", "/home/liusc/projects/ACPP/AC_output/GenAS/generated/51.tsp": "17473565.00", "/home/liusc/projects/ACPP/AC_output/GenAS/generated/142.tsp": "18534902.00", "/home/liusc/projects/ACPP/AC_output/GenAS/generated/126.tsp": "20619519.00", "/home/liusc/projects/ACPP/AC_output/GenAS/generated/98.tsp": "15753437.00", "/home/liusc/projects/ACPP/AC_output/GenAS/generated/102.tsp": "17221405.00", "/home/liusc/projects/ACPP/AC_output/GenAS/generated/63.tsp": "16652977.00", "/home/liusc/projects/ACPP/AC_output/GenAS/generated/132.tsp": "18887432.00", "/home/liusc/projects/ACPP/AC_output/GenAS/generated/20.tsp": "14636159.00", "/home/liusc/projects/ACPP/AC_output/GenAS/generated/26.tsp": "20332455.00", "/home/liusc/projects/ACPP/AC_output/GenAS/generated/66.tsp": "20983138.00", "/home/liusc/projects/ACPP/AC_output/GenAS/generated/17.tsp": "20821569.00", "/home/liusc/projects/ACPP/AC_output/GenAS/generated/4.tsp": "21428037.00", "/home/liusc/projects/ACPP/AC_output/GenAS/generated/38.tsp": "17195283.00", "/home/liusc/projects/ACPP/AC_output/GenAS/generated/8.tsp": "9520374.00", "/home/liusc/projects/ACPP/AC_output/GenAS/generated/117.tsp": "18175297.00", "/home/liusc/projects/ACPP/AC_output/GenAS/generated/149.tsp": "17395871.00", "/home/liusc/projects/ACPP/AC_output/GenAS/generated/144.tsp": "16839428.00", "/home/liusc/projects/ACPP/AC_output/GenAS/generated/67.tsp": "16236685.00", "/home/liusc/projects/ACPP/AC_output/GenAS/generated/138.tsp": "21233957.00", "/home/liusc/projects/ACPP/AC_output/GenAS/generated/46.tsp": "19772922.00", "/home/liusc/projects/ACPP/AC_output/GenAS/generated/134.tsp": "18947595.00", "/home/liusc/projects/ACPP/AC_output/GenAS/generated/103.tsp": "20750199.00", "/home/liusc/projects/ACPP/AC_output/GenAS/generated/99.tsp": "20503672.00", "/home/liusc/projects/ACPP/AC_output/GenAS/generated/105.tsp": "19876660.00", "/home/liusc/projects/ACPP/AC_output/GenAS/generated/55.tsp": "20940455.00", "/home/liusc/projects/ACPP/AC_output/GenAS/generated/120.tsp": "18813609.00", "/home/liusc/projects/ACPP/AC_output/GenAS/generated/16.tsp": "10338221.00", "/home/liusc/projects/ACPP/AC_output/GenAS/generated/80.tsp": "18040329.00", "/home/liusc/projects/ACPP/AC_output/GenAS/generated/5.tsp": "11020488.00", "/home/liusc/projects/ACPP/AC_output/GenAS/generated/19.tsp": "19968838.00", "/home/liusc/projects/ACPP/AC_output/GenAS/generated/85.tsp": "20537907.00", "/home/liusc/projects/ACPP/AC_output/GenAS/generated/150.tsp": "20611898.00", "/home/liusc/projects/ACPP/AC_output/GenAS/generated/13.tsp": "20666436.00", "/home/liusc/projects/ACPP/AC_output/GenAS/generated/50.tsp": "18032875.00", "/home/liusc/projects/ACPP/AC_output/GenAS/generated/76.tsp": "21211306.00", "/home/liusc/projects/ACPP/AC_output/GenAS/generated/123.tsp": "18627912.00", "/home/liusc/projects/ACPP/AC_output/GenAS/generated/139.tsp": "16577862.00", "/home/liusc/projects/ACPP/AC_output/GenAS/generated/121.tsp": "20774743.00", "/home/liusc/projects/ACPP/AC_output/GenAS/generated/89.tsp": "18430856.00", "/home/liusc/projects/ACPP/AC_output/GenAS/generated/91.tsp": "17428787.00", "/home/liusc/projects/ACPP/AC_output/GenAS/generated/100.tsp": "20890068.00", "/home/liusc/projects/ACPP/AC_output/GenAS/generated/81.tsp": "20988904.00", "/home/liusc/projects/ACPP/AC_output/GenAS/generated/110.tsp": "20863131.00", "/home/liusc/projects/ACPP/AC_output/GenAS/generated/7.tsp": "20762566.00", "/home/liusc/projects/ACPP/AC_output/GenAS/generated/34.tsp": "13430600.00", "/home/liusc/projects/ACPP/AC_output/GenAS/generated/146.tsp": "19822372.00", "/home/liusc/projects/ACPP/AC_output/GenAS/generated/86.tsp": "20995487.00", "/home/liusc/projects/ACPP/AC_output/GenAS/generated/56.tsp": "20471435.00", "/home/liusc/projects/ACPP/AC_output/GenAS/generated/22.tsp": "14761451.00", "/home/liusc/projects/ACPP/AC_output/GenAS/generated/125.tsp": "19489828.00", "/home/liusc/projects/ACPP/AC_output/GenAS/generated/47.tsp": "17958273.00", "/home/liusc/projects/ACPP/AC_output/GenAS/generated/71.tsp": "20815764.00", "/home/liusc/projects/ACPP/AC_output/GenAS/generated/65.tsp": "14822698.00", "/home/liusc/projects/ACPP/AC_output/GenAS/generated/59.tsp": "21010084.00", "/home/liusc/projects/ACPP/AC_output/GenAS/generated/96.tsp": "18147954.00", "/home/liusc/projects/ACPP/AC_output/GenAS/generated/83.tsp": "21017402.00", "/home/liusc/projects/ACPP/AC_output/GenAS/generated/12.tsp": "16896434.00", "/home/liusc/projects/ACPP/AC_output/GenAS/generated/101.tsp": "21053632.00", "/home/liusc/projects/ACPP/AC_output/GenAS/generated/131.tsp": "19595557.00", "/home/liusc/projects/ACPP/AC_output/GenAS/generated/25.tsp": "13619081.00", "/home/liusc/projects/ACPP/AC_output/GenAS/generated/1.tsp": "20887545.00", "/home/liusc/projects/ACPP/AC_output/GenAS/generated/127.tsp": "20251962.00", "/home/liusc/projects/ACPP/AC_output/GenAS/generated/118.tsp": "21129426.00", "/home/liusc/projects/ACPP/AC_output/GenAS/generated/9.tsp": "12489030.00", "/home/liusc/projects/ACPP/AC_output/GenAS/generated/27.tsp": "13045471.00", "/home/liusc/projects/ACPP/AC_output/GenAS/generated/88.tsp": "15565423.00", "/home/liusc/projects/ACPP/AC_output/GenAS/generated/68.tsp": "16517194.00", "/home/liusc/projects/ACPP/AC_output/GenAS/generated/70.tsp": "20631155.00", "/home/liusc/projects/ACPP/AC_output/GenAS/generated/48.tsp": "17909360.00", "/home/liusc/projects/ACPP/AC_output/GenAS/generated/115.tsp": "19668060.00", "/home/liusc/projects/ACPP/AC_output/GenAS/generated/79.tsp": "20917751.00", "/home/liusc/projects/ACPP/AC_output/GenAS/generated/75.tsp": "18679547.00", "/home/liusc/projects/ACPP/AC_output/GenAS/generated/28.tsp": "10674337.00", "/home/liusc/projects/ACPP/AC_output/GenAS/generated/82.tsp": "18014977.00", "/home/liusc/projects/ACPP/AC_output/GenAS/generated/145.tsp": "18877942.00", "/home/liusc/projects/ACPP/AC_output/GenAS/generated/147.tsp": "18463286.00", "/home/liusc/projects/ACPP/AC_output/GenAS/generated/43.tsp": "17747826.00", "/home/liusc/projects/ACPP/AC_output/GenAS/generated/104.tsp": "21082669.00", "/home/liusc/projects/ACPP/AC_output/GenAS/generated/148.tsp": "21113516.00", "/home/liusc/projects/ACPP/AC_output/GenAS/generated/60.tsp": "19692510.00", "/home/liusc/projects/ACPP/AC_output/GenAS/generated/135.tsp": "20389412.00", "/home/liusc/projects/ACPP/AC_output/GenAS/generated/136.tsp": "21234225.00", "/home/liusc/projects/ACPP/AC_output/GenAS/generated/116.tsp": "18524847.00", "/home/liusc/projects/ACPP/AC_output/GenAS/generated/40.tsp": "18808045.00", "/home/liusc/projects/ACPP/AC_output/GenAS/generated/113.tsp": "17433730.00", "/home/liusc/projects/ACPP/AC_output/GenAS/generated/143.tsp": "17507429.00", "/home/liusc/projects/ACPP/AC_output/GenAS/generated/11.tsp": "20866224.00", "/home/liusc/projects/ACPP/AC_output/GenAS/generated/30.tsp": "16733795.00", "/home/liusc/projects/ACPP/AC_output/GenAS/generated/74.tsp": "21123352.00", "/home/liusc/projects/ACPP/AC_output/GenAS/generated/95.tsp": "16105746.00", "/home/liusc/projects/ACPP/AC_output/GenAS/generated/15.tsp": "17325350.00", "/home/liusc/projects/ACPP/AC_output/GenAS/generated/52.tsp": "21093010.00", "/home/liusc/projects/ACPP/AC_output/GenAS/generated/61.tsp": "17498614.00", "/home/liusc/projects/ACPP/AC_output/GenAS/generated/32.tsp": "19249075.00", "/home/liusc/projects/ACPP/AC_output/GenAS/generated/111.tsp": "18361782.00", "/home/liusc/projects/ACPP/AC_output/GenAS/generated/3.tsp": "21196547.00", "/home/liusc/projects/ACPP/AC_output/GenAS/generated/87.tsp": "21044906.00", "/home/liusc/projects/ACPP/AC_output/GenAS/generated/31.tsp": "16041996.00", "/home/liusc/projects/ACPP/AC_output/GenAS/generated/133.tsp": "17664414.00", "/home/liusc/projects/ACPP/AC_output/GenAS/generated/49.tsp": "18527157.00", "/home/liusc/projects/ACPP/AC_output/GenAS/generated/90.tsp": "20826842.00", "/home/liusc/projects/ACPP/AC_output/GenAS/generated/23.tsp": "16996687.00", "/home/liusc/projects/ACPP/AC_output/GenAS/generated/58.tsp": "20890013.00", "/home/liusc/projects/ACPP/AC_output/GenAS/generated/2.tsp": "21134211.00", "/home/liusc/projects/ACPP/AC_output/GenAS/generated/36.tsp": "16834420.00", "/home/liusc/projects/ACPP/AC_output/GenAS/generated/45.tsp": "17552393.00", "/home/liusc/projects/ACPP/AC_output/GenAS/generated/14.tsp": "17569385.00", "/home/liusc/projects/ACPP/AC_output/GenAS/generated/97.tsp": "16257970.00", "/home/liusc/projects/ACPP/AC_output/GenAS/generated/21.tsp": "11378866.00", "/home/liusc/projects/ACPP/AC_output/GenAS/generated/124.tsp": "18744332.00", "/home/liusc/projects/ACPP/AC_output/GenAS/generated/130.tsp": "19807586.00", "/home/liusc/projects/ACPP/AC_output/GenAS/generated/78.tsp": "17332907.00", "/home/liusc/projects/ACPP/AC_output/GenAS/generated/42.tsp": "15601711.00", "/home/liusc/projects/ACPP/AC_output/GenAS/generated/53.tsp": "18374607.00", "/home/liusc/projects/ACPP/AC_output/GenAS/generated/37.tsp": "14107178.00", "/home/liusc/projects/ACPP/AC_output/GenAS/generated/94.tsp": "21278300.00", "/home/liusc/projects/ACPP/AC_output/GenAS/generated/114.tsp": "21208327.00", "/home/liusc/projects/ACPP/AC_output/GenAS/generated/106.tsp": "19140142.00", "/home/liusc/projects/ACPP/AC_output/GenAS/generated/128.tsp": "20795899.00", "/home/liusc/projects/ACPP/AC_output/GenAS/generated/119.tsp": "17010269.00", "/home/liusc/projects/ACPP/AC_output/GenAS/generated/6.tsp": "16504828.00", "/home/liusc/projects/ACPP/AC_output/GenAS/generated/77.tsp": "19774900.00", "/home/liusc/projects/ACPP/AC_output/GenAS/generated/29.tsp": "13090250.00"}