{"/home/liusc/projects/ACPP/AC_output/GenAS/generated/4.tsp": "11749141.00", "/home/liusc/projects/ACPP/AC_output/GenAS/generated/12.tsp": "20658279.00", "/home/liusc/projects/ACPP/AC_output/GenAS/generated/8.tsp": "20514178.00", "/home/liusc/projects/ACPP/AC_output/GenAS/generated/25.tsp": "14708091.00", "/home/liusc/projects/ACPP/AC_output/GenAS/generated/1.tsp": "11494532.00", "/home/liusc/projects/ACPP/AC_output/GenAS/generated/15.tsp": "20382390.00", "/home/liusc/projects/ACPP/AC_output/GenAS/generated/52.tsp": "17299206.00", "/home/liusc/projects/ACPP/AC_output/GenAS/generated/9.tsp": "9080004.00", "/home/liusc/projects/ACPP/AC_output/GenAS/generated/18.tsp": "21204800.00", "/home/liusc/projects/ACPP/AC_output/GenAS/generated/46.tsp": "20822219.00", "/home/liusc/projects/ACPP/AC_output/GenAS/generated/54.tsp": "19713611.00", "/home/liusc/projects/ACPP/AC_output/GenAS/generated/32.tsp": "20736389.00", "/home/liusc/projects/ACPP/AC_output/GenAS/generated/27.tsp": "21124534.00", "/home/liusc/projects/ACPP/AC_output/GenAS/generated/57.tsp": "20977465.00", "/home/liusc/projects/ACPP/AC_output/GenAS/generated/55.tsp": "20858702.00", "/home/liusc/projects/ACPP/AC_output/GenAS/generated/44.tsp": "18962420.00", "/home/liusc/projects/ACPP/AC_output/GenAS/generated/24.tsp": "20625478.00", "/home/liusc/projects/ACPP/AC_output/GenAS/generated/16.tsp": "20679276.00", "/home/liusc/projects/ACPP/AC_output/GenAS/generated/3.tsp": "20752902.00", "/home/liusc/projects/ACPP/AC_output/GenAS/generated/41.tsp": "19264320.00", "/home/liusc/projects/ACPP/AC_output/GenAS/generated/5.tsp": "11853019.00", "/home/liusc/projects/ACPP/AC_output/GenAS/generated/31.tsp": "20980775.00", "/home/liusc/projects/ACPP/AC_output/GenAS/generated/19.tsp": "16065177.00", "/home/liusc/projects/ACPP/AC_output/GenAS/generated/49.tsp": "18939485.00", "/home/liusc/projects/ACPP/AC_output/GenAS/generated/35.tsp": "15589221.00", "/home/liusc/projects/ACPP/AC_output/GenAS/generated/38.tsp": "19806485.00", "/home/liusc/projects/ACPP/AC_output/GenAS/generated/13.tsp": "21118410.00", "/home/liusc/projects/ACPP/AC_output/GenAS/generated/50.tsp": "21122839.00", "/home/liusc/projects/ACPP/AC_output/GenAS/generated/28.tsp": "16857862.00", "/home/liusc/projects/ACPP/AC_output/GenAS/generated/23.tsp": "17010480.00", "/home/liusc/projects/ACPP/AC_output/GenAS/generated/10.tsp": "18476469.00", "/home/liusc/projects/ACPP/AC_output/GenAS/generated/58.tsp": "19450773.00", "/home/liusc/projects/ACPP/AC_output/GenAS/generated/2.tsp": "20753417.00", "/home/liusc/projects/ACPP/AC_output/GenAS/generated/43.tsp": "18823094.00", "/home/liusc/projects/ACPP/AC_output/GenAS/generated/33.tsp": "20990514.00", "/home/liusc/projects/ACPP/AC_output/GenAS/generated/36.tsp": "17361649.00", "/home/liusc/projects/ACPP/AC_output/GenAS/generated/39.tsp": "20570619.00", "/home/liusc/projects/ACPP/AC_output/GenAS/generated/45.tsp": "19487057.00", "/home/liusc/projects/ACPP/AC_output/GenAS/generated/14.tsp": "12206796.00", "/home/liusc/projects/ACPP/AC_output/GenAS/generated/21.tsp": "19718167.00", "/home/liusc/projects/ACPP/AC_output/GenAS/generated/51.tsp": "19337453.00", "/home/liusc/projects/ACPP/AC_output/GenAS/generated/7.tsp": "16559839.00", "/home/liusc/projects/ACPP/AC_output/GenAS/generated/34.tsp": "21055050.00", "/home/liusc/projects/ACPP/AC_output/GenAS/generated/40.tsp": "17606900.00", "/home/liusc/projects/ACPP/AC_output/GenAS/generated/42.tsp": "17434296.00", "/home/liusc/projects/ACPP/AC_output/GenAS/generated/53.tsp": "21170625.00", "/home/liusc/projects/ACPP/AC_output/GenAS/generated/37.tsp": "17857978.00", "/home/liusc/projects/ACPP/AC_output/GenAS/generated/56.tsp": "20635882.00", "/home/liusc/projects/ACPP/AC_output/GenAS/generated/48.tsp": "21327648.00", "/home/liusc/projects/ACPP/AC_output/GenAS/generated/22.tsp": "20409984.00", "/home/liusc/projects/ACPP/AC_output/GenAS/generated/20.tsp": "13880167.00", "/home/liusc/projects/ACPP/AC_output/GenAS/generated/26.tsp": "19968838.00", "/home/liusc/projects/ACPP/AC_output/GenAS/generated/6.tsp": "17997275.00", "/home/liusc/projects/ACPP/AC_output/GenAS/generated/47.tsp": "19736373.00", "/home/liusc/projects/ACPP/AC_output/GenAS/generated/11.tsp": "21532050.00", "/home/liusc/projects/ACPP/AC_output/GenAS/generated/30.tsp": "17798530.00", "/home/liusc/projects/ACPP/AC_output/GenAS/generated/17.tsp": "18279775.00", "/home/liusc/projects/ACPP/AC_output/GenAS/generated/29.tsp": "13619081.00", "/home/liusc/projects/ACPP/AC_output/GenAS/generated/59.tsp": "18648224.00"}