{"/home/liusc/projects/ACPP/AC_output/GenAS/generated/141.tsp": "19654828.00", "/home/liusc/projects/ACPP/AC_output/GenAS/generated/54.tsp": "20123899.00", "/home/liusc/projects/ACPP/AC_output/GenAS/generated/69.tsp": "20459687.00", "/home/liusc/projects/ACPP/AC_output/GenAS/generated/107.tsp": "21107194.00", "/home/liusc/projects/ACPP/AC_output/GenAS/generated/122.tsp": "19996984.00", "/home/liusc/projects/ACPP/AC_output/GenAS/generated/73.tsp": "20573372.00", "/home/liusc/projects/ACPP/AC_output/GenAS/generated/207.tsp": "20330497.00", "/home/liusc/projects/ACPP/AC_output/GenAS/generated/18.tsp": "17997275.00", "/home/liusc/projects/ACPP/AC_output/GenAS/generated/112.tsp": "21234851.00", "/home/liusc/projects/ACPP/AC_output/GenAS/generated/92.tsp": "17685675.00", "/home/liusc/projects/ACPP/AC_output/GenAS/generated/108.tsp": "20438534.00", "/home/liusc/projects/ACPP/AC_output/GenAS/generated/137.tsp": "21063870.00", "/home/liusc/projects/ACPP/AC_output/GenAS/generated/57.tsp": "19908015.00", "/home/liusc/projects/ACPP/AC_output/GenAS/generated/177.tsp": "20678801.00", "/home/liusc/projects/ACPP/AC_output/GenAS/generated/44.tsp": "19202044.00", "/home/liusc/projects/ACPP/AC_output/GenAS/generated/24.tsp": "16272042.00", "/home/liusc/projects/ACPP/AC_output/GenAS/generated/219.tsp": "20725186.00", "/home/liusc/projects/ACPP/AC_output/GenAS/generated/84.tsp": "16902782.00", "/home/liusc/projects/ACPP/AC_output/GenAS/generated/158.tsp": "20991493.00", "/home/liusc/projects/ACPP/AC_output/GenAS/generated/41.tsp": "20446285.00", "/home/liusc/projects/ACPP/AC_output/GenAS/generated/230.tsp": "20484908.00", "/home/liusc/projects/ACPP/AC_output/GenAS/generated/140.tsp": "19890530.00", "/home/liusc/projects/ACPP/AC_output/GenAS/generated/33.tsp": "20772668.00", "/home/liusc/projects/ACPP/AC_output/GenAS/generated/35.tsp": "21169480.00", "/home/liusc/projects/ACPP/AC_output/GenAS/generated/192.tsp": "20573016.00", "/home/liusc/projects/ACPP/AC_output/GenAS/generated/39.tsp": "17057149.00", "/home/liusc/projects/ACPP/AC_output/GenAS/generated/64.tsp": "20894116.00", "/home/liusc/projects/ACPP/AC_output/GenAS/generated/62.tsp": "14830649.00", "/home/liusc/projects/ACPP/AC_output/GenAS/generated/10.tsp": "17584022.00", "/home/liusc/projects/ACPP/AC_output/GenAS/generated/205.tsp": "20252263.00", "/home/liusc/projects/ACPP/AC_output/GenAS/generated/212.tsp": "20999103.00", "/home/liusc/projects/ACPP/AC_output/GenAS/generated/129.tsp": "21168312.00", "/home/liusc/projects/ACPP/AC_output/GenAS/generated/174.tsp": "20962577.00", "/home/liusc/projects/ACPP/AC_output/GenAS/generated/162.tsp": "19224572.00", "/home/liusc/projects/ACPP/AC_output/GenAS/generated/173.tsp": "18732704.00", "/home/liusc/projects/ACPP/AC_output/GenAS/generated/109.tsp": "21319216.00", "/home/liusc/projects/ACPP/AC_output/GenAS/generated/93.tsp": "17482990.00", "/home/liusc/projects/ACPP/AC_output/GenAS/generated/72.tsp": "18897031.00", "/home/liusc/projects/ACPP/AC_output/GenAS/generated/171.tsp": "20923792.00", "/home/liusc/projects/ACPP/AC_output/GenAS/generated/227.tsp": "20558942.00", "/home/liusc/projects/ACPP/AC_output/GenAS/generated/51.tsp": "17843269.00", "/home/liusc/projects/ACPP/AC_output/GenAS/generated/186.tsp": "17379062.00", "/home/liusc/projects/ACPP/AC_output/GenAS/generated/142.tsp": "19807880.00", "/home/liusc/projects/ACPP/AC_output/GenAS/generated/126.tsp": "18989705.00", "/home/liusc/projects/ACPP/AC_output/GenAS/generated/98.tsp": "20582154.00", "/home/liusc/projects/ACPP/AC_output/GenAS/generated/102.tsp": "21114446.00", "/home/liusc/projects/ACPP/AC_output/GenAS/generated/211.tsp": "17801286.00", "/home/liusc/projects/ACPP/AC_output/GenAS/generated/206.tsp": "20805115.00", "/home/liusc/projects/ACPP/AC_output/GenAS/generated/63.tsp": "18951619.00", "/home/liusc/projects/ACPP/AC_output/GenAS/generated/132.tsp": "19144242.00", "/home/liusc/projects/ACPP/AC_output/GenAS/generated/153.tsp": "17900344.00", "/home/liusc/projects/ACPP/AC_output/GenAS/generated/20.tsp": "16862440.00", "/home/liusc/projects/ACPP/AC_output/GenAS/generated/26.tsp": "19280157.00", "/home/liusc/projects/ACPP/AC_output/GenAS/generated/66.tsp": "20875294.00", "/home/liusc/projects/ACPP/AC_output/GenAS/generated/217.tsp": "20934644.00", "/home/liusc/projects/ACPP/AC_output/GenAS/generated/17.tsp": "16121233.00", "/home/liusc/projects/ACPP/AC_output/GenAS/generated/240.tsp": "19818955.00", "/home/liusc/projects/ACPP/AC_output/GenAS/generated/4.tsp": "20083129.00", "/home/liusc/projects/ACPP/AC_output/GenAS/generated/38.tsp": "19925557.00", "/home/liusc/projects/ACPP/AC_output/GenAS/generated/8.tsp": "21070707.00", "/home/liusc/projects/ACPP/AC_output/GenAS/generated/201.tsp": "20874345.00", "/home/liusc/projects/ACPP/AC_output/GenAS/generated/167.tsp": "17901346.00", "/home/liusc/projects/ACPP/AC_output/GenAS/generated/117.tsp": "21045669.00", "/home/liusc/projects/ACPP/AC_output/GenAS/generated/172.tsp": "19585367.00", "/home/liusc/projects/ACPP/AC_output/GenAS/generated/149.tsp": "21259293.00", "/home/liusc/projects/ACPP/AC_output/GenAS/generated/144.tsp": "21148331.00", "/home/liusc/projects/ACPP/AC_output/GenAS/generated/67.tsp": "21136387.00", "/home/liusc/projects/ACPP/AC_output/GenAS/generated/184.tsp": "17636309.00", "/home/liusc/projects/ACPP/AC_output/GenAS/generated/138.tsp": "20743240.00", "/home/liusc/projects/ACPP/AC_output/GenAS/generated/46.tsp": "20285786.00", "/home/liusc/projects/ACPP/AC_output/GenAS/generated/134.tsp": "20751531.00", "/home/liusc/projects/ACPP/AC_output/GenAS/generated/229.tsp": "17634969.00", "/home/liusc/projects/ACPP/AC_output/GenAS/generated/103.tsp": "21065097.00", "/home/liusc/projects/ACPP/AC_output/GenAS/generated/99.tsp": "20743936.00", "/home/liusc/projects/ACPP/AC_output/GenAS/generated/105.tsp": "20992257.00", "/home/liusc/projects/ACPP/AC_output/GenAS/generated/202.tsp": "17297755.00", "/home/liusc/projects/ACPP/AC_output/GenAS/generated/55.tsp": "17261249.00", "/home/liusc/projects/ACPP/AC_output/GenAS/generated/120.tsp": "20736978.00", "/home/liusc/projects/ACPP/AC_output/GenAS/generated/16.tsp": "19415322.00", "/home/liusc/projects/ACPP/AC_output/GenAS/generated/187.tsp": "17548482.00", "/home/liusc/projects/ACPP/AC_output/GenAS/generated/80.tsp": "21140161.00", "/home/liusc/projects/ACPP/AC_output/GenAS/generated/5.tsp": "20392890.00", "/home/liusc/projects/ACPP/AC_output/GenAS/generated/19.tsp": "20514178.00", "/home/liusc/projects/ACPP/AC_output/GenAS/generated/85.tsp": "20323149.00", "/home/liusc/projects/ACPP/AC_output/GenAS/generated/218.tsp": "21254436.00", "/home/liusc/projects/ACPP/AC_output/GenAS/generated/150.tsp": "18896685.00", "/home/liusc/projects/ACPP/AC_output/GenAS/generated/181.tsp": "20628586.00", "/home/liusc/projects/ACPP/AC_output/GenAS/generated/13.tsp": "17786218.00", "/home/liusc/projects/ACPP/AC_output/GenAS/generated/50.tsp": "17174273.00", "/home/liusc/projects/ACPP/AC_output/GenAS/generated/195.tsp": "19836593.00", "/home/liusc/projects/ACPP/AC_output/GenAS/generated/76.tsp": "21169534.00", "/home/liusc/projects/ACPP/AC_output/GenAS/generated/123.tsp": "20902142.00", "/home/liusc/projects/ACPP/AC_output/GenAS/generated/139.tsp": "20899820.00", "/home/liusc/projects/ACPP/AC_output/GenAS/generated/121.tsp": "20811294.00", "/home/liusc/projects/ACPP/AC_output/GenAS/generated/238.tsp": "20737307.00", "/home/liusc/projects/ACPP/AC_output/GenAS/generated/157.tsp": "20896600.00", "/home/liusc/projects/ACPP/AC_output/GenAS/generated/196.tsp": "19170625.00", "/home/liusc/projects/ACPP/AC_output/GenAS/generated/89.tsp": "17012142.00", "/home/liusc/projects/ACPP/AC_output/GenAS/generated/214.tsp": "20651242.00", "/home/liusc/projects/ACPP/AC_output/GenAS/generated/91.tsp": "18568932.00", "/home/liusc/projects/ACPP/AC_output/GenAS/generated/100.tsp": "20891222.00", "/home/liusc/projects/ACPP/AC_output/GenAS/generated/204.tsp": "21146164.00", "/home/liusc/projects/ACPP/AC_output/GenAS/generated/81.tsp": "17285246.00", "/home/liusc/projects/ACPP/AC_output/GenAS/generated/110.tsp": "21133928.00", "/home/liusc/projects/ACPP/AC_output/GenAS/generated/168.tsp": "16929246.00", "/home/liusc/projects/ACPP/AC_output/GenAS/generated/7.tsp": "20757631.00", "/home/liusc/projects/ACPP/AC_output/GenAS/generated/176.tsp": "20762840.00", "/home/liusc/projects/ACPP/AC_output/GenAS/generated/34.tsp": "19823976.00", "/home/liusc/projects/ACPP/AC_output/GenAS/generated/146.tsp": "17272566.00", "/home/liusc/projects/ACPP/AC_output/GenAS/generated/190.tsp": "19774294.00", "/home/liusc/projects/ACPP/AC_output/GenAS/generated/160.tsp": "17551285.00", "/home/liusc/projects/ACPP/AC_output/GenAS/generated/185.tsp": "21130664.00", "/home/liusc/projects/ACPP/AC_output/GenAS/generated/198.tsp": "20559707.00", "/home/liusc/projects/ACPP/AC_output/GenAS/generated/86.tsp": "19115857.00", "/home/liusc/projects/ACPP/AC_output/GenAS/generated/56.tsp": "21349716.00", "/home/liusc/projects/ACPP/AC_output/GenAS/generated/209.tsp": "18682356.00", "/home/liusc/projects/ACPP/AC_output/GenAS/generated/22.tsp": "14728254.00", "/home/liusc/projects/ACPP/AC_output/GenAS/generated/125.tsp": "18465260.00", "/home/liusc/projects/ACPP/AC_output/GenAS/generated/175.tsp": "20651305.00", "/home/liusc/projects/ACPP/AC_output/GenAS/generated/47.tsp": "20405602.00", "/home/liusc/projects/ACPP/AC_output/GenAS/generated/71.tsp": "17414605.00", "/home/liusc/projects/ACPP/AC_output/GenAS/generated/65.tsp": "20450753.00", "/home/liusc/projects/ACPP/AC_output/GenAS/generated/59.tsp": "21014041.00", "/home/liusc/projects/ACPP/AC_output/GenAS/generated/96.tsp": "20622450.00", "/home/liusc/projects/ACPP/AC_output/GenAS/generated/83.tsp": "19754614.00", "/home/liusc/projects/ACPP/AC_output/GenAS/generated/12.tsp": "12311118.00", "/home/liusc/projects/ACPP/AC_output/GenAS/generated/210.tsp": "18650121.00", "/home/liusc/projects/ACPP/AC_output/GenAS/generated/101.tsp": "16901635.00", "/home/liusc/projects/ACPP/AC_output/GenAS/generated/131.tsp": "19554367.00", "/home/liusc/projects/ACPP/AC_output/GenAS/generated/25.tsp": "15104776.00", "/home/liusc/projects/ACPP/AC_output/GenAS/generated/1.tsp": "16185442.00", "/home/liusc/projects/ACPP/AC_output/GenAS/generated/163.tsp": "17517186.00", "/home/liusc/projects/ACPP/AC_output/GenAS/generated/127.tsp": "19970108.00", "/home/liusc/projects/ACPP/AC_output/GenAS/generated/118.tsp": "18995247.00", "/home/liusc/projects/ACPP/AC_output/GenAS/generated/9.tsp": "11311299.00", "/home/liusc/projects/ACPP/AC_output/GenAS/generated/166.tsp": "21073475.00", "/home/liusc/projects/ACPP/AC_output/GenAS/generated/27.tsp": "19999487.00", "/home/liusc/projects/ACPP/AC_output/GenAS/generated/200.tsp": "18486061.00", "/home/liusc/projects/ACPP/AC_output/GenAS/generated/215.tsp": "20744100.00", "/home/liusc/projects/ACPP/AC_output/GenAS/generated/88.tsp": "21150073.00", "/home/liusc/projects/ACPP/AC_output/GenAS/generated/68.tsp": "17317049.00", "/home/liusc/projects/ACPP/AC_output/GenAS/generated/70.tsp": "20754187.00", "/home/liusc/projects/ACPP/AC_output/GenAS/generated/48.tsp": "20990378.00", "/home/liusc/projects/ACPP/AC_output/GenAS/generated/208.tsp": "21462910.00", "/home/liusc/projects/ACPP/AC_output/GenAS/generated/237.tsp": "17234258.00", "/home/liusc/projects/ACPP/AC_output/GenAS/generated/193.tsp": "20980264.00", "/home/liusc/projects/ACPP/AC_output/GenAS/generated/115.tsp": "20974149.00", "/home/liusc/projects/ACPP/AC_output/GenAS/generated/79.tsp": "20827847.00", "/home/liusc/projects/ACPP/AC_output/GenAS/generated/75.tsp": "21123863.00", "/home/liusc/projects/ACPP/AC_output/GenAS/generated/28.tsp": "12206796.00", "/home/liusc/projects/ACPP/AC_output/GenAS/generated/82.tsp": "20888513.00", "/home/liusc/projects/ACPP/AC_output/GenAS/generated/145.tsp": "20794084.00", "/home/liusc/projects/ACPP/AC_output/GenAS/generated/197.tsp": "16711756.00", "/home/liusc/projects/ACPP/AC_output/GenAS/generated/147.tsp": "19538789.00", "/home/liusc/projects/ACPP/AC_output/GenAS/generated/241.tsp": "19863408.00", "/home/liusc/projects/ACPP/AC_output/GenAS/generated/152.tsp": "20326245.00", "/home/liusc/projects/ACPP/AC_output/GenAS/generated/43.tsp": "20246785.00", "/home/liusc/projects/ACPP/AC_output/GenAS/generated/104.tsp": "18301655.00", "/home/liusc/projects/ACPP/AC_output/GenAS/generated/165.tsp": "21128607.00", "/home/liusc/projects/ACPP/AC_output/GenAS/generated/148.tsp": "20810457.00", "/home/liusc/projects/ACPP/AC_output/GenAS/generated/60.tsp": "20596899.00", "/home/liusc/projects/ACPP/AC_output/GenAS/generated/135.tsp": "17509954.00", "/home/liusc/projects/ACPP/AC_output/GenAS/generated/222.tsp": "20825608.00", "/home/liusc/projects/ACPP/AC_output/GenAS/generated/236.tsp": "21199200.00", "/home/liusc/projects/ACPP/AC_output/GenAS/generated/136.tsp": "21141097.00", "/home/liusc/projects/ACPP/AC_output/GenAS/generated/116.tsp": "21237443.00", "/home/liusc/projects/ACPP/AC_output/GenAS/generated/221.tsp": "19984898.00", "/home/liusc/projects/ACPP/AC_output/GenAS/generated/40.tsp": "16227264.00", "/home/liusc/projects/ACPP/AC_output/GenAS/generated/239.tsp": "21004576.00", "/home/liusc/projects/ACPP/AC_output/GenAS/generated/113.tsp": "16644232.00", "/home/liusc/projects/ACPP/AC_output/GenAS/generated/182.tsp": "20954917.00", "/home/liusc/projects/ACPP/AC_output/GenAS/generated/155.tsp": "21094165.00", "/home/liusc/projects/ACPP/AC_output/GenAS/generated/231.tsp": "18578980.00", "/home/liusc/projects/ACPP/AC_output/GenAS/generated/228.tsp": "20842924.00", "/home/liusc/projects/ACPP/AC_output/GenAS/generated/203.tsp": "18018393.00", "/home/liusc/projects/ACPP/AC_output/GenAS/generated/224.tsp": "20437061.00", "/home/liusc/projects/ACPP/AC_output/GenAS/generated/188.tsp": "20135551.00", "/home/liusc/projects/ACPP/AC_output/GenAS/generated/143.tsp": "16661291.00", "/home/liusc/projects/ACPP/AC_output/GenAS/generated/11.tsp": "20912288.00", "/home/liusc/projects/ACPP/AC_output/GenAS/generated/30.tsp": "19449865.00", "/home/liusc/projects/ACPP/AC_output/GenAS/generated/169.tsp": "20312438.00", "/home/liusc/projects/ACPP/AC_output/GenAS/generated/156.tsp": "20961206.00", "/home/liusc/projects/ACPP/AC_output/GenAS/generated/154.tsp": "16896153.00", "/home/liusc/projects/ACPP/AC_output/GenAS/generated/234.tsp": "20068752.00", "/home/liusc/projects/ACPP/AC_output/GenAS/generated/74.tsp": "20949044.00", "/home/liusc/projects/ACPP/AC_output/GenAS/generated/180.tsp": "21436567.00", "/home/liusc/projects/ACPP/AC_output/GenAS/generated/95.tsp": "17668537.00", "/home/liusc/projects/ACPP/AC_output/GenAS/generated/232.tsp": "20827277.00", "/home/liusc/projects/ACPP/AC_output/GenAS/generated/194.tsp": "21302000.00", "/home/liusc/projects/ACPP/AC_output/GenAS/generated/15.tsp": "16504828.00", "/home/liusc/projects/ACPP/AC_output/GenAS/generated/52.tsp": "20661315.00", "/home/liusc/projects/ACPP/AC_output/GenAS/generated/61.tsp": "15424419.00", "/home/liusc/projects/ACPP/AC_output/GenAS/generated/32.tsp": "16362481.00", "/home/liusc/projects/ACPP/AC_output/GenAS/generated/151.tsp": "20341371.00", "/home/liusc/projects/ACPP/AC_output/GenAS/generated/161.tsp": "20902165.00", "/home/liusc/projects/ACPP/AC_output/GenAS/generated/111.tsp": "20848763.00", "/home/liusc/projects/ACPP/AC_output/GenAS/generated/191.tsp": "17392255.00", "/home/liusc/projects/ACPP/AC_output/GenAS/generated/183.tsp": "16879436.00", "/home/liusc/projects/ACPP/AC_output/GenAS/generated/159.tsp": "19965170.00", "/home/liusc/projects/ACPP/AC_output/GenAS/generated/233.tsp": "15077307.00", "/home/liusc/projects/ACPP/AC_output/GenAS/generated/3.tsp": "12698810.00", "/home/liusc/projects/ACPP/AC_output/GenAS/generated/87.tsp": "20847632.00", "/home/liusc/projects/ACPP/AC_output/GenAS/generated/199.tsp": "16934054.00", "/home/liusc/projects/ACPP/AC_output/GenAS/generated/31.tsp": "18433224.00", "/home/liusc/projects/ACPP/AC_output/GenAS/generated/133.tsp": "18012191.00", "/home/liusc/projects/ACPP/AC_output/GenAS/generated/49.tsp": "19373547.00", "/home/liusc/projects/ACPP/AC_output/GenAS/generated/90.tsp": "17290812.00", "/home/liusc/projects/ACPP/AC_output/GenAS/generated/164.tsp": "20855672.00", "/home/liusc/projects/ACPP/AC_output/GenAS/generated/223.tsp": "17408630.00", "/home/liusc/projects/ACPP/AC_output/GenAS/generated/23.tsp": "20723161.00", "/home/liusc/projects/ACPP/AC_output/GenAS/generated/235.tsp": "17118694.00", "/home/liusc/projects/ACPP/AC_output/GenAS/generated/58.tsp": "21453556.00", "/home/liusc/projects/ACPP/AC_output/GenAS/generated/226.tsp": "21245262.00", "/home/liusc/projects/ACPP/AC_output/GenAS/generated/2.tsp": "19963783.00", "/home/liusc/projects/ACPP/AC_output/GenAS/generated/179.tsp": "21232302.00", "/home/liusc/projects/ACPP/AC_output/GenAS/generated/170.tsp": "20928226.00", "/home/liusc/projects/ACPP/AC_output/GenAS/generated/36.tsp": "16055882.00", "/home/liusc/projects/ACPP/AC_output/GenAS/generated/45.tsp": "20889961.00", "/home/liusc/projects/ACPP/AC_output/GenAS/generated/14.tsp": "15796495.00", "/home/liusc/projects/ACPP/AC_output/GenAS/generated/220.tsp": "21241828.00", "/home/liusc/projects/ACPP/AC_output/GenAS/generated/97.tsp": "17201977.00", "/home/liusc/projects/ACPP/AC_output/GenAS/generated/21.tsp": "20315622.00", "/home/liusc/projects/ACPP/AC_output/GenAS/generated/216.tsp": "20046165.00", "/home/liusc/projects/ACPP/AC_output/GenAS/generated/124.tsp": "19251343.00", "/home/liusc/projects/ACPP/AC_output/GenAS/generated/130.tsp": "21122963.00", "/home/liusc/projects/ACPP/AC_output/GenAS/generated/78.tsp": "19843595.00", "/home/liusc/projects/ACPP/AC_output/GenAS/generated/42.tsp": "20469099.00", "/home/liusc/projects/ACPP/AC_output/GenAS/generated/53.tsp": "20695377.00", "/home/liusc/projects/ACPP/AC_output/GenAS/generated/37.tsp": "20539730.00", "/home/liusc/projects/ACPP/AC_output/GenAS/generated/189.tsp": "20893792.00", "/home/liusc/projects/ACPP/AC_output/GenAS/generated/94.tsp": "17968684.00", "/home/liusc/projects/ACPP/AC_output/GenAS/generated/225.tsp": "19427063.00", "/home/liusc/projects/ACPP/AC_output/GenAS/generated/114.tsp": "20543598.00", "/home/liusc/projects/ACPP/AC_output/GenAS/generated/106.tsp": "17499220.00", "/home/liusc/projects/ACPP/AC_output/GenAS/generated/128.tsp": "20903812.00", "/home/liusc/projects/ACPP/AC_output/GenAS/generated/119.tsp": "16888456.00", "/home/liusc/projects/ACPP/AC_output/GenAS/generated/6.tsp": "10525131.00", "/home/liusc/projects/ACPP/AC_output/GenAS/generated/77.tsp": "16929936.00", "/home/liusc/projects/ACPP/AC_output/GenAS/generated/29.tsp": "20863369.00", "/home/liusc/projects/ACPP/AC_output/GenAS/generated/213.tsp": "18924484.00", "/home/liusc/projects/ACPP/AC_output/GenAS/generated/178.tsp": "18150660.00"}